{"pos": [0.10344599999999998, 0.11861000000000001, 0.10797199999999997, 0.10429800000000002, 0.10965600000000003, 0.10895999999999997, 0.10549000000000001, 0.11399200000000002, 0.111508, 0.10338400000000005, 0.10606399999999995, 0.10742400000000007, 0.10636799999999998, 0.11721400000000004, 0.11940800000000004, 0.12017599999999994, 0.11407400000000005, 0.12031399999999998, 0.11669399999999994, 0.11395400000000007, 0.11099600000000012, 0.10486599999999993, 0.11017200000000006, 0.12073200000000002, 0.11062199999999996, 0.108856, 0.11155200000000004, 0.11735999999999994, 0.10992, 0.112508, 0.11093600000000012, 0.11219200000000007, 0.11865800000000008, 0.11570400000000004, 0.11902399999999994, 0.11393000000000003, 0.11221199999999996, 0.11044400000000003, 0.10763399999999998, 0.07503199999999996, 0.09105399999999998, 0.08875000000000009, 0.08866800000000005, 0.090864, 0.10249399999999989, 0.09861799999999997, 0.09774999999999998, 0.11990600000000005, 0.09331000000000002, 0.09987800000000001, 0.10247799999999999, 0.09448400000000007, 0.09805399999999999, 0.10762399999999996, 0.13425200000000004, 0.08978200000000001, 0.10134600000000009, 0.10285399999999999, 0.10429999999999995, 0.09471800000000005, 0.10823399999999991, 0.097772, 0.11872200000000008, 0.11092599999999996, 0.10604999999999999, 0.09883799999999995, 0.10480799999999989, 0.107572, 0.09872999999999997, 0.103816, 0.09982400000000005, 0.1029500000000001, 0.097864, 0.09978799999999997, 0.08930400000000009, 0.10112400000000003, 0.08109199999999997, 0.09669399999999996, 0.09636199999999999, 0.08475799999999999, 0.08289400000000004, 0.08975000000000005, 0.092896, 0.09761600000000001, 0.1318160000000001, 0.0952499999999999, 0.097376, 0.11365199999999996, 0.10788799999999997, 0.10595600000000002, 0.106704, 0.10657000000000003, 0.08939000000000005, 0.08939000000000005, 0.07667000000000002, 0.0986, 0.09522399999999999, 0.09430000000000001, 0.086328, 0.095644, 0.096946, 0.09066800000000001, 0.08818799999999999], "neg": [0.05730800000000001, 0.062386000000000004, 0.07067200000000004, 0.059492000000000024, 0.06755000000000001, 0.06950000000000006, 0.06823999999999997, 0.063874, 0.07194, 0.09009599999999998, 0.07621200000000002, 0.06866400000000007, 0.05509200000000002, 0.06956800000000002, 0.055282, 0.06617800000000004, 0.05894800000000001, 0.06734199999999994, 0.062162000000000016, 0.05766400000000001, 0.05279400000000002, 0.06369000000000001, 0.06074000000000004, 0.062313999999999994, 0.05206999999999999, 0.054518000000000004, 0.05298800000000005, 0.061857999999999976, 0.06220000000000006, 0.05524000000000003, 0.06765800000000001, 0.057793999999999984, 0.06118000000000004, 0.04582399999999999, 0.05386000000000002, 0.05572999999999998, 0.06079599999999997, 0.05017200000000002, 0.052174000000000005, 0.04606400000000002, 0.03947000000000001, 0.04127599999999999, 0.05320200000000002, 0.04208600000000001, 0.055168, 0.05621600000000004, 0.060150000000000016, 0.055518, 0.05917799999999995, 0.05240199999999999, 0.04138600000000001, 0.053428000000000024, 0.060938000000000034, 0.059919999999999994, 0.05499400000000003, 0.06045000000000005, 0.06448199999999997, 0.050677999999999994, 0.05872000000000001, 0.05446200000000003, 0.04974400000000003, 0.05737399999999998, 0.04634000000000001, 0.05404999999999999, 0.04992000000000001, 0.054720000000000005, 0.04566199999999996, 0.053438000000000006, 0.04404600000000004, 0.06432, 0.047446, 0.052570000000000026, 0.048032000000000026, 0.03653999999999999, 0.066072, 0.06509599999999995, 0.0688320000000001, 0.06088399999999998, 0.05849800000000001, 0.06253399999999996, 0.06847600000000002, 0.070252, 0.06588999999999998, 0.067874, 0.04516599999999999, 0.061674000000000014, 0.041196, 0.044877999999999994, 0.05066399999999998, 0.038893999999999984, 0.04697000000000002, 0.046556, 0.04194199999999998, 0.04194199999999998, 0.058716000000000025, 0.046012, 0.059664, 0.049776, 0.043198, 0.055914, 0.04331599999999999, 0.043834000000000005, 0.04529600000000001], "compound": [0.15037979999999984, 0.16121840000000007, 0.11113699999999986, 0.12038019999999997, 0.11463119999999999, 0.1197113999999999, 0.09114159999999995, 0.14587199999999995, 0.09701699999999983, 0.040214, 0.0827308, 0.12944459999999985, 0.15163239999999997, 0.15864539999999985, 0.18056160000000002, 0.15779279999999996, 0.1485499999999999, 0.14636579999999982, 0.14097899999999988, 0.1670123999999999, 0.1529935999999998, 0.11102040000000006, 0.15404059999999994, 0.14197639999999975, 0.1898093999999996, 0.15010079999999998, 0.15759340000000002, 0.16093820000000003, 0.1454525999999999, 0.15305719999999992, 0.11546459999999974, 0.16017799999999952, 0.16826799999999975, 0.19807199999999975, 0.19829859999999955, 0.17190939999999993, 0.14692419999999967, 0.17731339999999982, 0.1740393999999997, 0.12148299999999994, 0.18723800000000018, 0.1751865999999999, 0.13530739999999997, 0.19299459999999977, 0.13718019999999995, 0.14490039999999985, 0.12268879999999996, 0.16820839999999987, 0.11138419999999992, 0.14270399999999997, 0.19160199999999977, 0.1252052, 0.11771839999999979, 0.14762039999999993, 0.20584819999999993, 0.09517940000000001, 0.09563999999999989, 0.14763519999999983, 0.13985339999999982, 0.1320922, 0.1796981999999999, 0.13524039999999993, 0.22898779999999977, 0.17215400000000008, 0.17963980000000002, 0.10618999999999984, 0.15070939999999994, 0.1556657999999998, 0.19039140000000004, 0.10566999999999989, 0.14793299999999998, 0.1345123999999998, 0.14188319999999996, 0.20112819999999954, 0.08549560000000003, 0.08919840000000001, 0.04652420000000003, 0.09870139999999997, 0.10957979999999988, 0.053391799999999996, 0.04125160000000001, 0.046929200000000004, 0.07229540000000001, 0.08307519999999999, 0.19195059999999994, 0.09840779999999996, 0.15393939999999992, 0.16705159999999974, 0.1542652000000001, 0.19390739999999976, 0.16098619999999986, 0.158758, 0.14362720000000004, 0.14362720000000004, 0.07182559999999999, 0.13245099999999999, 0.12351720000000001, 0.13731780000000002, 0.1267552, 0.114733, 0.16390559999999998, 0.15182600000000002, 0.14758620000000003], "dates": ["March 23", "March 24", "March 25", "March 26", "March 27", "March 28", "March 29", "March 30", "March 31", "April 01", "April 02", "April 03", "April 04", "April 05", "April 06", "April 07", "April 08", "April 09", "April 10", "April 11", "April 12", "April 13", "April 14", "April 15", "April 16", "April 17", "April 18", "April 19", "April 20", "April 21", "April 22", "April 23", "April 24", "April 25", "April 26", "April 27", "April 28", "April 29", "April 30", "May 01", "May 02", "May 03", "May 04", "May 05", "May 06", "May 07", "May 08", "May 09", "May 10", "May 11", "May 12", "May 13", "May 14", "May 15", "May 16", "May 17", "May 18", "May 19", "May 20", "May 21", "May 22", "May 23", "May 24", "May 25", "May 26", "May 27", "May 28", "May 29", "May 30", "May 31", "June 01", "June 02", "June 03", "June 04", "June 05", "June 06", "June 07", "June 08", "June 09", "June 10", "June 11", "June 12", "June 13", "June 14", "June 15", "June 16", "June 17", "June 18", "June 19", "June 20", "June 21", "June 22", "June 23", "June 24", "June 25", "June 26", "June 27", "June 28", "June 29", "June 30", "July 01", "July 02", "July 03"]}